t_peak_R,peak_R,t_peak_M,peak_M,deltaM_final,AUC_I
180.0,0.9999997626152136,29.75,1.0507059551622973,0.0033014510536120145,3.7031914101224905
180.0,0.9999996560550477,29.75,1.0507059551622973,0.0033021393361603035,3.7037218422727123
