t_peak_R,peak_R,t_peak_M,peak_M,deltaM_final,AUC_I
180.0,0.9999998638644572,28.0,1.051714900526548,0.003200923831202296,3.7033136023675577
180.0,0.9999986215386109,31.25,1.0495742805646704,0.0034335653846482295,3.702562592618789
